{"total_revenue_yr": 29.86637252776193, "total_op_cost_yr": 20.22954264787123, "total_dispatch_yr": 1235134.5245030003, "cap_factor": 0.7965320980919417, "cap_cost": 408.56932829940274, "startup_cost": 0.032530424787132285, "net_revenue": -216.48333919733145}