{"total_revenue_yr": 12.302959930757158, "total_op_cost_yr": 9.717861797766142, "total_dispatch_yr": 395173.31148400006, "cap_factor": 0.254845298749591, "cap_cost": 408.5693283128186, "startup_cost": 0.7156693453473538, "net_revenue": -371.18075255994535}