{"total_revenue_yr": 30.131721601422736, "total_op_cost_yr": 20.38923580188108, "total_dispatch_yr": 1242882.0877990006, "cap_factor": 0.8015284619475619, "cap_cost": 408.5693287301804, "startup_cost": 0.0325304248315647, "net_revenue": -214.37022123597862}