{"total_revenue_yr": 30.461122405101253, "total_op_cost_yr": 20.81594826977168, "total_dispatch_yr": 1271582.8431740003, "cap_factor": 0.8200374359937754, "cap_cost": 408.56932873230994, "startup_cost": 0.010843474943928112, "net_revenue": -215.88271552459705}