{"pmax": 177.49999884605273, "p_min_multi": 0.15, "ramp_multi": 0.6286506547191458, "min_up_time": 4, "min_dn_multi": 1, "marginal_cost": 25.758974851611153, "fixed_run_cost": 1.0, "startup_profile": 2}