{"pmax": 177.49999908214292, "p_min_multi": 0.15, "ramp_multi": 0.9010877908871985, "min_up_time": 4, "min_dn_multi": 1, "marginal_cost": 13.257317367617349, "fixed_run_cost": 1.0, "startup_profile": 2}