{"pmax": 177.4999990809445, "p_min_multi": 0.1760873306033702, "ramp_multi": 0.8592710773904304, "min_up_time": 4, "min_dn_multi": 1, "marginal_cost": 17.494539353713634, "fixed_run_cost": 1.0, "startup_profile": 2}