{"total_revenue_yr": 30.15055236534535, "total_op_cost_yr": 20.314128082381934, "total_dispatch_yr": 1238543.82057, "cap_factor": 0.7987307309046587, "cap_cost": 408.5693287301804, "startup_cost": 0.02168695, "net_revenue": -212.27458207091206}