{"total_revenue_yr": 15.358233888597049, "total_op_cost_yr": 12.645057707632125, "total_dispatch_yr": 514608.4196329999, "cap_factor": 0.33186840248736, "cap_cost": 408.5693287301804, "startup_cost": 0.80241715, "net_revenue": -370.35414811088197}